{
  "meta": {
    "schema_v": 1,
    "timestamp_utc": "2026-05-19T11:54:32.832832+00:00",
    "git_sha": "83e19d9f5052a7a87ef0c88e5f749d13ab35d79e",
    "hostname": "DESKTOP-7MCOG2Q",
    "platform": "Linux-5.15.167.4-microsoft-standard-WSL2-x86_64-with-glibc2.39",
    "gpu": "NVIDIA GeForce RTX 3090, 596.36",
    "cuda": "Build cuda_12.6.r12.6/compiler.35059454_0"
  },
  "workload": {
    "name": "gsm8k",
    "dataset": "gsm8k",
    "config": "main",
    "split": "test",
    "n_sample": 8,
    "seed": 42,
    "n_gen_hint": 256,
    "tokenizer_id": "Qwen/Qwen3.5-27B",
    "prompt_shas": [
      "f5e8f88d41ca2c7e6a411f464258e0744a185685a920b35cb5c670b48dbe91ca",
      "8be18d13763a638c94f54161badb09ca89b046239fe2a8f112b2df3332ac62ae",
      "ac93707fa72384ca4877bafffaa06532c4cd37898ae216cb26135d45e719d238",
      "129ac32063674279a7f4ff9f550a6447ded58197a9e079bb8cfeb30781c7a0c9",
      "5eaff47580a405347d119054213ce67ef712c82435a1b737c00e818094e2d094",
      "821b2afbf0171f8e37507e834c231fa245e2611ebd50a755993761a14cd9c1d7",
      "d76f14630fdd7c84f2b526402af479b02f4f3c70608fbdfb4bbcf08ccbe337ff",
      "628117b5c8beef64412c81cc4634d429333a110fe7bc7d115df6d1b4d59461f9"
    ]
  },
  "speculator": {
    "name": "ar",
    "config": {
      "name": "ar",
      "gguf_path": "/home/peppi/models/qwen3.6-27b-q4km/Qwen3.6-27B-Q4_K_M.gguf",
      "kv_type": "q8_0",
      "gamma": 0
    }
  },
  "results": [
    {
      "prompt_idx": 0,
      "prompt_id": "gsm8k_0",
      "tok_s": 34.9189,
      "accept_rate": null,
      "al": null,
      "n_tokens_generated": 256,
      "decode_s": 7.331269,
      "prefill_s": 0.14859,
      "raw_json": {
        "tok_s": 34.9189,
        "prompt": 0,
        "gamma": 0,
        "tokens": 256,
        "decode_s": 7.331269,
        "prefill_s": 0.14859,
        "accepted": 0,
        "proposed": 0,
        "accept_rate": 0.0,
        "draft_source": "chain",
        "draft_topk": 4,
        "ddtree_budget": 64,
        "ddtree_chain_seed": true,
        "prompt_id": 0
      },
      "run_idx": 0
    },
    {
      "prompt_idx": 1,
      "prompt_id": "gsm8k_1",
      "tok_s": 34.2543,
      "accept_rate": null,
      "al": null,
      "n_tokens_generated": 256,
      "decode_s": 7.473519,
      "prefill_s": 0.213095,
      "raw_json": {
        "tok_s": 34.2543,
        "prompt": 1,
        "gamma": 0,
        "tokens": 256,
        "decode_s": 7.473519,
        "prefill_s": 0.213095,
        "accepted": 0,
        "proposed": 0,
        "accept_rate": 0.0,
        "draft_source": "chain",
        "draft_topk": 4,
        "ddtree_budget": 64,
        "ddtree_chain_seed": true,
        "prompt_id": 1
      },
      "run_idx": 0
    },
    {
      "prompt_idx": 2,
      "prompt_id": "gsm8k_2",
      "tok_s": 32.3624,
      "accept_rate": null,
      "al": null,
      "n_tokens_generated": 189,
      "decode_s": 5.840105,
      "prefill_s": 0.143448,
      "raw_json": {
        "tok_s": 32.3624,
        "prompt": 2,
        "gamma": 0,
        "tokens": 189,
        "decode_s": 5.840105,
        "prefill_s": 0.143448,
        "accepted": 0,
        "proposed": 0,
        "accept_rate": 0.0,
        "draft_source": "chain",
        "draft_topk": 4,
        "ddtree_budget": 64,
        "ddtree_chain_seed": true,
        "prompt_id": 2
      },
      "run_idx": 0
    },
    {
      "prompt_idx": 3,
      "prompt_id": "gsm8k_3",
      "tok_s": 33.8742,
      "accept_rate": null,
      "al": null,
      "n_tokens_generated": 217,
      "decode_s": 6.406057,
      "prefill_s": 0.162715,
      "raw_json": {
        "tok_s": 33.8742,
        "prompt": 3,
        "gamma": 0,
        "tokens": 217,
        "decode_s": 6.406057,
        "prefill_s": 0.162715,
        "accepted": 0,
        "proposed": 0,
        "accept_rate": 0.0,
        "draft_source": "chain",
        "draft_topk": 4,
        "ddtree_budget": 64,
        "ddtree_chain_seed": true,
        "prompt_id": 3
      },
      "run_idx": 0
    },
    {
      "prompt_idx": 4,
      "prompt_id": "gsm8k_4",
      "tok_s": 33.8715,
      "accept_rate": null,
      "al": null,
      "n_tokens_generated": 222,
      "decode_s": 6.554188,
      "prefill_s": 0.196199,
      "raw_json": {
        "tok_s": 33.8715,
        "prompt": 4,
        "gamma": 0,
        "tokens": 222,
        "decode_s": 6.554188,
        "prefill_s": 0.196199,
        "accepted": 0,
        "proposed": 0,
        "accept_rate": 0.0,
        "draft_source": "chain",
        "draft_topk": 4,
        "ddtree_budget": 64,
        "ddtree_chain_seed": true,
        "prompt_id": 4
      },
      "run_idx": 0
    },
    {
      "prompt_idx": 5,
      "prompt_id": "gsm8k_5",
      "tok_s": 34.6933,
      "accept_rate": null,
      "al": null,
      "n_tokens_generated": 256,
      "decode_s": 7.378956,
      "prefill_s": 0.233783,
      "raw_json": {
        "tok_s": 34.6933,
        "prompt": 5,
        "gamma": 0,
        "tokens": 256,
        "decode_s": 7.378956,
        "prefill_s": 0.233783,
        "accepted": 0,
        "proposed": 0,
        "accept_rate": 0.0,
        "draft_source": "chain",
        "draft_topk": 4,
        "ddtree_budget": 64,
        "ddtree_chain_seed": true,
        "prompt_id": 5
      },
      "run_idx": 0
    },
    {
      "prompt_idx": 6,
      "prompt_id": "gsm8k_6",
      "tok_s": 32.503,
      "accept_rate": null,
      "al": null,
      "n_tokens_generated": 200,
      "decode_s": 6.153276,
      "prefill_s": 0.214908,
      "raw_json": {
        "tok_s": 32.503,
        "prompt": 6,
        "gamma": 0,
        "tokens": 200,
        "decode_s": 6.153276,
        "prefill_s": 0.214908,
        "accepted": 0,
        "proposed": 0,
        "accept_rate": 0.0,
        "draft_source": "chain",
        "draft_topk": 4,
        "ddtree_budget": 64,
        "ddtree_chain_seed": true,
        "prompt_id": 6
      },
      "run_idx": 0
    },
    {
      "prompt_idx": 7,
      "prompt_id": "gsm8k_7",
      "tok_s": 32.7242,
      "accept_rate": null,
      "al": null,
      "n_tokens_generated": 256,
      "decode_s": 7.822963,
      "prefill_s": 0.143686,
      "raw_json": {
        "tok_s": 32.7242,
        "prompt": 7,
        "gamma": 0,
        "tokens": 256,
        "decode_s": 7.822963,
        "prefill_s": 0.143686,
        "accepted": 0,
        "proposed": 0,
        "accept_rate": 0.0,
        "draft_source": "chain",
        "draft_topk": 4,
        "ddtree_budget": 64,
        "ddtree_chain_seed": true,
        "prompt_id": 7
      },
      "run_idx": 0
    }
  ],
  "aggregates": {
    "tok_s_mean": 33.650225,
    "tok_s_median": 33.87285,
    "tok_s_p25": 32.5583,
    "tok_s_p75": 34.58355,
    "tok_s_ci95_low": 32.613600000000005,
    "tok_s_ci95_high": 34.4738,
    "n_total_runs": 8
  }
}