{
  "meta": {
    "schema_v": 1,
    "timestamp_utc": "2026-05-17T17:40:55.893672+00:00",
    "git_sha": "f031f081d61918565d5a1d887c4c20bed0a051ff",
    "hostname": "DESKTOP-7MCOG2Q",
    "platform": "Linux-5.15.167.4-microsoft-standard-WSL2-x86_64-with-glibc2.39",
    "gpu": "NVIDIA GeForce RTX 3090, 595.79",
    "cuda": "Build cuda_12.6.r12.6/compiler.35059454_0"
  },
  "workload": {
    "name": "gsm8k",
    "dataset": "gsm8k",
    "config": "main",
    "split": "test",
    "n_sample": 8,
    "seed": 42,
    "n_gen_hint": 256,
    "tokenizer_id": "Qwen/Qwen3.5-27B",
    "prompt_shas": [
      "f5e8f88d41ca2c7e6a411f464258e0744a185685a920b35cb5c670b48dbe91ca",
      "8be18d13763a638c94f54161badb09ca89b046239fe2a8f112b2df3332ac62ae",
      "ac93707fa72384ca4877bafffaa06532c4cd37898ae216cb26135d45e719d238",
      "129ac32063674279a7f4ff9f550a6447ded58197a9e079bb8cfeb30781c7a0c9",
      "5eaff47580a405347d119054213ce67ef712c82435a1b737c00e818094e2d094",
      "821b2afbf0171f8e37507e834c231fa245e2611ebd50a755993761a14cd9c1d7",
      "d76f14630fdd7c84f2b526402af479b02f4f3c70608fbdfb4bbcf08ccbe337ff",
      "628117b5c8beef64412c81cc4634d429333a110fe7bc7d115df6d1b4d59461f9"
    ]
  },
  "speculator": {
    "name": "ar",
    "config": {
      "name": "ar",
      "gguf_path": "/home/peppi/models/qwen3.6-27b-q4km/Qwen3.6-27B-Q4_K_M.gguf",
      "kv_type": "q8_0",
      "gamma": 0
    }
  },
  "results": [
    {
      "prompt_idx": 0,
      "prompt_id": "gsm8k_0",
      "tok_s": 34.2184,
      "accept_rate": null,
      "al": null,
      "n_tokens_generated": 256,
      "decode_s": 7.481354,
      "prefill_s": 0.138993,
      "raw_json": {
        "tok_s": 34.2184,
        "prompt": 0,
        "gamma": 0,
        "tokens": 256,
        "decode_s": 7.481354,
        "prefill_s": 0.138993,
        "accepted": 0,
        "proposed": 0,
        "accept_rate": 0.0,
        "draft_source": "chain",
        "draft_topk": 4,
        "ddtree_budget": 64,
        "ddtree_chain_seed": true,
        "l6_tau": 0.6,
        "l6_k": 3,
        "prompt_id": 0
      },
      "run_idx": 0
    },
    {
      "prompt_idx": 1,
      "prompt_id": "gsm8k_1",
      "tok_s": 32.8705,
      "accept_rate": null,
      "al": null,
      "n_tokens_generated": 256,
      "decode_s": 7.788139,
      "prefill_s": 0.22775,
      "raw_json": {
        "tok_s": 32.8705,
        "prompt": 1,
        "gamma": 0,
        "tokens": 256,
        "decode_s": 7.788139,
        "prefill_s": 0.22775,
        "accepted": 0,
        "proposed": 0,
        "accept_rate": 0.0,
        "draft_source": "chain",
        "draft_topk": 4,
        "ddtree_budget": 64,
        "ddtree_chain_seed": true,
        "l6_tau": 0.6,
        "l6_k": 3,
        "prompt_id": 1
      },
      "run_idx": 0
    },
    {
      "prompt_idx": 2,
      "prompt_id": "gsm8k_2",
      "tok_s": 34.6075,
      "accept_rate": null,
      "al": null,
      "n_tokens_generated": 198,
      "decode_s": 5.721309,
      "prefill_s": 0.140429,
      "raw_json": {
        "tok_s": 34.6075,
        "prompt": 2,
        "gamma": 0,
        "tokens": 198,
        "decode_s": 5.721309,
        "prefill_s": 0.140429,
        "accepted": 0,
        "proposed": 0,
        "accept_rate": 0.0,
        "draft_source": "chain",
        "draft_topk": 4,
        "ddtree_budget": 64,
        "ddtree_chain_seed": true,
        "l6_tau": 0.6,
        "l6_k": 3,
        "prompt_id": 2
      },
      "run_idx": 0
    },
    {
      "prompt_idx": 3,
      "prompt_id": "gsm8k_3",
      "tok_s": 30.7346,
      "accept_rate": null,
      "al": null,
      "n_tokens_generated": 217,
      "decode_s": 7.060447,
      "prefill_s": 0.187482,
      "raw_json": {
        "tok_s": 30.7346,
        "prompt": 3,
        "gamma": 0,
        "tokens": 217,
        "decode_s": 7.060447,
        "prefill_s": 0.187482,
        "accepted": 0,
        "proposed": 0,
        "accept_rate": 0.0,
        "draft_source": "chain",
        "draft_topk": 4,
        "ddtree_budget": 64,
        "ddtree_chain_seed": true,
        "l6_tau": 0.6,
        "l6_k": 3,
        "prompt_id": 3
      },
      "run_idx": 0
    },
    {
      "prompt_idx": 4,
      "prompt_id": "gsm8k_4",
      "tok_s": 34.1962,
      "accept_rate": null,
      "al": null,
      "n_tokens_generated": 222,
      "decode_s": 6.491944,
      "prefill_s": 0.192122,
      "raw_json": {
        "tok_s": 34.1962,
        "prompt": 4,
        "gamma": 0,
        "tokens": 222,
        "decode_s": 6.491944,
        "prefill_s": 0.192122,
        "accepted": 0,
        "proposed": 0,
        "accept_rate": 0.0,
        "draft_source": "chain",
        "draft_topk": 4,
        "ddtree_budget": 64,
        "ddtree_chain_seed": true,
        "l6_tau": 0.6,
        "l6_k": 3,
        "prompt_id": 4
      },
      "run_idx": 0
    },
    {
      "prompt_idx": 5,
      "prompt_id": "gsm8k_5",
      "tok_s": 34.4068,
      "accept_rate": null,
      "al": null,
      "n_tokens_generated": 256,
      "decode_s": 7.440389,
      "prefill_s": 0.241902,
      "raw_json": {
        "tok_s": 34.4068,
        "prompt": 5,
        "gamma": 0,
        "tokens": 256,
        "decode_s": 7.440389,
        "prefill_s": 0.241902,
        "accepted": 0,
        "proposed": 0,
        "accept_rate": 0.0,
        "draft_source": "chain",
        "draft_topk": 4,
        "ddtree_budget": 64,
        "ddtree_chain_seed": true,
        "l6_tau": 0.6,
        "l6_k": 3,
        "prompt_id": 5
      },
      "run_idx": 0
    },
    {
      "prompt_idx": 6,
      "prompt_id": "gsm8k_6",
      "tok_s": 34.2932,
      "accept_rate": null,
      "al": null,
      "n_tokens_generated": 200,
      "decode_s": 5.832055,
      "prefill_s": 0.198157,
      "raw_json": {
        "tok_s": 34.2932,
        "prompt": 6,
        "gamma": 0,
        "tokens": 200,
        "decode_s": 5.832055,
        "prefill_s": 0.198157,
        "accepted": 0,
        "proposed": 0,
        "accept_rate": 0.0,
        "draft_source": "chain",
        "draft_topk": 4,
        "ddtree_budget": 64,
        "ddtree_chain_seed": true,
        "l6_tau": 0.6,
        "l6_k": 3,
        "prompt_id": 6
      },
      "run_idx": 0
    },
    {
      "prompt_idx": 7,
      "prompt_id": "gsm8k_7",
      "tok_s": 33.522,
      "accept_rate": null,
      "al": null,
      "n_tokens_generated": 256,
      "decode_s": 7.636769,
      "prefill_s": 0.147144,
      "raw_json": {
        "tok_s": 33.522,
        "prompt": 7,
        "gamma": 0,
        "tokens": 256,
        "decode_s": 7.636769,
        "prefill_s": 0.147144,
        "accepted": 0,
        "proposed": 0,
        "accept_rate": 0.0,
        "draft_source": "chain",
        "draft_topk": 4,
        "ddtree_budget": 64,
        "ddtree_chain_seed": true,
        "l6_tau": 0.6,
        "l6_k": 3,
        "prompt_id": 7
      },
      "run_idx": 0
    }
  ],
  "aggregates": {
    "tok_s_mean": 33.60615,
    "tok_s_median": 34.207300000000004,
    "tok_s_p25": 33.033375,
    "tok_s_p75": 34.3784,
    "tok_s_ci95_low": 32.8705,
    "tok_s_ci95_high": 34.4068,
    "n_total_runs": 8
  }
}