{
  "meta": {
    "schema_v": 1,
    "timestamp_utc": "2026-05-17T17:40:55.893672+00:00",
    "git_sha": "f031f081d61918565d5a1d887c4c20bed0a051ff",
    "hostname": "DESKTOP-7MCOG2Q",
    "platform": "Linux-5.15.167.4-microsoft-standard-WSL2-x86_64-with-glibc2.39",
    "gpu": "NVIDIA GeForce RTX 3090, 595.79",
    "cuda": "Build cuda_12.6.r12.6/compiler.35059454_0"
  },
  "workload": {
    "name": "humaneval",
    "dataset": "openai_humaneval",
    "split": "test",
    "n_sample": 8,
    "seed": 42,
    "n_gen_hint": 256,
    "tokenizer_id": "Qwen/Qwen3.5-27B",
    "prompt_shas": [
      "2532bfeefde9a135c90da8a2abf3d9403d1d103c96c71c0f889a65d5abdd11ca",
      "2341bff06e6abb7e1f2e7dc8394bdf8d1ebd1065b926baa641592787484af270",
      "7b02ff6e71e700d8f7f81a77233565e6ff0afa751c08fb9ef07819927a04a0b2",
      "b792ef366129b7733448b1984976e9af3d50333533096e53f568623ce40aabd5",
      "9f01be6a18b10b8d021984d5d76d6e5602d7358efdfad06cbff6aac2a2d88a73",
      "b0471a8bc6c2e2adcf73910a2b24d8121f26744476530994d4c33df7a806fd66",
      "3738371d63ecded5bd10fdbbc44fce7ca9533c1435a03e816f8011c110a4e9fa",
      "63eb0d9268b1003dfe91bf7fabe61a4ac355add8de95dabc051adbc16474cb76"
    ]
  },
  "speculator": {
    "name": "ar",
    "config": {
      "name": "ar",
      "gguf_path": "/home/peppi/models/qwen3.6-27b-q4km/Qwen3.6-27B-Q4_K_M.gguf",
      "kv_type": "q8_0",
      "gamma": 0
    }
  },
  "results": [
    {
      "prompt_idx": 0,
      "prompt_id": "HumanEval/52",
      "tok_s": 35.4897,
      "accept_rate": null,
      "al": null,
      "n_tokens_generated": 100,
      "decode_s": 2.817722,
      "prefill_s": 0.172413,
      "raw_json": {
        "tok_s": 35.4897,
        "prompt": 0,
        "gamma": 0,
        "tokens": 100,
        "decode_s": 2.817722,
        "prefill_s": 0.172413,
        "accepted": 0,
        "proposed": 0,
        "accept_rate": 0.0,
        "draft_source": "chain",
        "draft_topk": 4,
        "ddtree_budget": 64,
        "ddtree_chain_seed": true,
        "l6_tau": 0.6,
        "l6_k": 3,
        "prompt_id": 0
      },
      "run_idx": 0
    },
    {
      "prompt_idx": 1,
      "prompt_id": "HumanEval/134",
      "tok_s": 35.1472,
      "accept_rate": null,
      "al": null,
      "n_tokens_generated": 256,
      "decode_s": 7.283659,
      "prefill_s": 0.232639,
      "raw_json": {
        "tok_s": 35.1472,
        "prompt": 1,
        "gamma": 0,
        "tokens": 256,
        "decode_s": 7.283659,
        "prefill_s": 0.232639,
        "accepted": 0,
        "proposed": 0,
        "accept_rate": 0.0,
        "draft_source": "chain",
        "draft_topk": 4,
        "ddtree_budget": 64,
        "ddtree_chain_seed": true,
        "l6_tau": 0.6,
        "l6_k": 3,
        "prompt_id": 1
      },
      "run_idx": 0
    },
    {
      "prompt_idx": 2,
      "prompt_id": "HumanEval/51",
      "tok_s": 35.1314,
      "accept_rate": null,
      "al": null,
      "n_tokens_generated": 166,
      "decode_s": 4.725112,
      "prefill_s": 0.227206,
      "raw_json": {
        "tok_s": 35.1314,
        "prompt": 2,
        "gamma": 0,
        "tokens": 166,
        "decode_s": 4.725112,
        "prefill_s": 0.227206,
        "accepted": 0,
        "proposed": 0,
        "accept_rate": 0.0,
        "draft_source": "chain",
        "draft_topk": 4,
        "ddtree_budget": 64,
        "ddtree_chain_seed": true,
        "l6_tau": 0.6,
        "l6_k": 3,
        "prompt_id": 2
      },
      "run_idx": 0
    },
    {
      "prompt_idx": 3,
      "prompt_id": "HumanEval/66",
      "tok_s": 34.9846,
      "accept_rate": null,
      "al": null,
      "n_tokens_generated": 140,
      "decode_s": 4.001757,
      "prefill_s": 0.224461,
      "raw_json": {
        "tok_s": 34.9846,
        "prompt": 3,
        "gamma": 0,
        "tokens": 140,
        "decode_s": 4.001757,
        "prefill_s": 0.224461,
        "accepted": 0,
        "proposed": 0,
        "accept_rate": 0.0,
        "draft_source": "chain",
        "draft_topk": 4,
        "ddtree_budget": 64,
        "ddtree_chain_seed": true,
        "l6_tau": 0.6,
        "l6_k": 3,
        "prompt_id": 3
      },
      "run_idx": 0
    },
    {
      "prompt_idx": 4,
      "prompt_id": "HumanEval/147",
      "tok_s": 34.3648,
      "accept_rate": null,
      "al": null,
      "n_tokens_generated": 256,
      "decode_s": 7.449492,
      "prefill_s": 0.266383,
      "raw_json": {
        "tok_s": 34.3648,
        "prompt": 4,
        "gamma": 0,
        "tokens": 256,
        "decode_s": 7.449492,
        "prefill_s": 0.266383,
        "accepted": 0,
        "proposed": 0,
        "accept_rate": 0.0,
        "draft_source": "chain",
        "draft_topk": 4,
        "ddtree_budget": 64,
        "ddtree_chain_seed": true,
        "l6_tau": 0.6,
        "l6_k": 3,
        "prompt_id": 4
      },
      "run_idx": 0
    },
    {
      "prompt_idx": 5,
      "prompt_id": "HumanEval/101",
      "tok_s": 35.2948,
      "accept_rate": null,
      "al": null,
      "n_tokens_generated": 149,
      "decode_s": 4.221589,
      "prefill_s": 0.201479,
      "raw_json": {
        "tok_s": 35.2948,
        "prompt": 5,
        "gamma": 0,
        "tokens": 149,
        "decode_s": 4.221589,
        "prefill_s": 0.201479,
        "accepted": 0,
        "proposed": 0,
        "accept_rate": 0.0,
        "draft_source": "chain",
        "draft_topk": 4,
        "ddtree_budget": 64,
        "ddtree_chain_seed": true,
        "l6_tau": 0.6,
        "l6_k": 3,
        "prompt_id": 5
      },
      "run_idx": 0
    },
    {
      "prompt_idx": 6,
      "prompt_id": "HumanEval/24",
      "tok_s": 35.5627,
      "accept_rate": null,
      "al": null,
      "n_tokens_generated": 91,
      "decode_s": 2.558863,
      "prefill_s": 0.139406,
      "raw_json": {
        "tok_s": 35.5627,
        "prompt": 6,
        "gamma": 0,
        "tokens": 91,
        "decode_s": 2.558863,
        "prefill_s": 0.139406,
        "accepted": 0,
        "proposed": 0,
        "accept_rate": 0.0,
        "draft_source": "chain",
        "draft_topk": 4,
        "ddtree_budget": 64,
        "ddtree_chain_seed": true,
        "l6_tau": 0.6,
        "l6_k": 3,
        "prompt_id": 6
      },
      "run_idx": 0
    },
    {
      "prompt_idx": 7,
      "prompt_id": "HumanEval/125",
      "tok_s": 34.5274,
      "accept_rate": null,
      "al": null,
      "n_tokens_generated": 256,
      "decode_s": 7.414405,
      "prefill_s": 0.228537,
      "raw_json": {
        "tok_s": 34.5274,
        "prompt": 7,
        "gamma": 0,
        "tokens": 256,
        "decode_s": 7.414405,
        "prefill_s": 0.228537,
        "accepted": 0,
        "proposed": 0,
        "accept_rate": 0.0,
        "draft_source": "chain",
        "draft_topk": 4,
        "ddtree_budget": 64,
        "ddtree_chain_seed": true,
        "l6_tau": 0.6,
        "l6_k": 3,
        "prompt_id": 7
      },
      "run_idx": 0
    }
  ],
  "aggregates": {
    "tok_s_mean": 35.062825000000004,
    "tok_s_median": 35.1393,
    "tok_s_p25": 34.6417,
    "tok_s_p75": 35.440975,
    "tok_s_ci95_low": 34.5274,
    "tok_s_ci95_high": 35.4897,
    "n_total_runs": 8
  }
}